Method,Precision
Baseline,0.00848111
H1,0.015625
H2,0.008202324
H1H2,0.022279985
M1_TFIDF,0.031914894
M1_D2VTitle,0.032674772
M1_D2V,0.035714286