Method,Precision,Recall,F1
Baseline,0.381428571,0.785294118,0.513461538
H1,0.657232704,0.614705882,0.635258359
H2,0.395672334,0.752941176,0.518743668
H1H2,0.738181818,0.597058824,0.660162602
M1_TFIDF,0.655737705,0.588235294,0.620155039
M1_D2VTitle,0.679577465,0.567647059,0.618589744
M1_D2VTitle+Body,0.658146965,0.605882353,0.63093415